id;first_name;last_name;gender;email;phone;address_line_1;address_line_2;city;country;user_id
1;Alfredo;Gleason;OTHER;"TphdUDNwrkp}[fA6F&Rt=0(ggA9K[!1z].zqi9{:=Nq!+"&5ZZB{N?Xh"WZ@4Lu|%o2hX%9|nYrL#7fo*e\BaV>_vG,"q`:URPR)<J7<.?5In\s#9x"_sJ:jxoHHK/Ahr$IYXGw$'$'|KO9Yk^4fhK\+pf?L=TjK<5(+*wEdSOZUyOeg4SBNwG(:}";(154) 495-2560 x7322;cross-platform Point Orchestrator;Solomon Islands Licensed;Corwinborough;Lithuania;1
2;Maurice;Bauch;FEMALE;"p+qJAxvj}u8V/k'G4_(Y#6/A1U@;hj!vs6UFjJ'6b2u+mlv9~J7rigEf*v".^]Y0e'[H&J9#GDP<&'"D`jq9`'b(J:3I_3FMg;MO?9rWC:hb$Mr";(196) 335-9816;bandwidth azure;SMS Enhanced;Chanelfort;Wallis and Futuna;2
3;Jose;Lehner;OTHER;"g{g\O7$D80N20Q/>r`mFiJvzOr$t[BLL9bd71XAq]_(@`V[z~3E.,2BV:_s2$8L7Y]1Y=tPl>^jn&'n8==Niy2~yN=D'sb0A]|~UuI<n0<+7\X$9Tds#QiCDFw,C'[BT\b)vL[.!]|(*ZGj.w*[R>|6M~uiw$jYlaVCqG(:/0>*_&j}KD|fB~*XSZ#cOa~&RvSATt{?_v}";(613) 237-7888 x84786;Unbranded Cheese Dynamic;Alabama transform;Ondrickashire;Albania;1
4;Carolina;Gutmann;FEMALE;"bD|5qFOx#b~nu@S?Bd*'8g\KDx<1:d~zJi%Y')x*TkjqN&d\g,1aZJ4Y5pK``<P>E&(p}~lhfH,"xQKJS6~Ffp~OvPM9mJO_z0;/.gQ<jiw$Z~|6IgM;,cC-sDI^q76OrJJ'w$jm;/>l'7f96.h-rrckQvL2jr`|?='a2?$;FzchaJ[*?^.]~KB";(317) 367-8763 x550;turn-key dedicated;Wisconsin;Huelport;Togo;2
5;London;Kemmer;OTHER;"`_A[rm&r),7wt(Ztfpov#m^7`vI\-$b9i9o;6?3zr40?/lY7"Ie8!AvBI*u2:u#ZwVK.c|:(@BN`iQT.uxrm"sd:<j)v$~76`D5y.np##i9%I$C<&.ZGg3}xkT)/}07nw)_i&L2wc8[~O#_3-}D[EVL{";076.019.9492 x983;Automotive Tactics architectures;Wisconsin Facilitator Incredible;West Claud;Svalbard & Jan Mayen Islands;1
6;Emile;Kuhic;OTHER;"xjcSV?pRCjm{q06#?_`7jKUGw+i{MEb@I0l!v[?(d7oA%`/_\E[?"1S3[_B9QF}upy^we3Xw9^p[Zbd2#,z7A(=pL.K$lh:33j?:3r";(026) 693-1252;portal calculating Metal;real-time discrete redundant;Gaylordhaven;Namibia;2
7;Arnaldo;Langosh;OTHER;";CUZ2es&o2W:Ef?D7#RjtSlvYIvd=u%u8g<?5#C4UFjguVX2`}>!Me)5E!1Phip1pX7D<kN[T8S/,(-)<b!ni1Uu@ffvA[58Qp|)<Y!ek(`{}zZ.GN=rYD9NH]+^1i.uY&}^MVTB<'#=y74>ThyjCfvhB=eZNyLL?B45dCj$\iI"~m9T[0()T-5>.%*V#}r!O;Lo8+cDxgLn7v#{lS?0KZy~Q6?BmbCI:Nv}13lRL4F3n,M(u:TBr~8\.g"HP#q*~U)5R+K=vm6'm&JHr8u";708.830.3504;Argentine Peso implementation;Wallis and Futuna;Lake Lance;Sweden;1
8;Demarco;Bashirian;MALE;"[9OmtnDKl*9@3,>tAB=PfF9>ZHx|eqNYR(5J;HOiY?.b%zoy`%D3,~mFbKD:.+.Kbm&n=BNHl1<6;&(GeYNZqDm#o|mKf6M%u_\bffb)=%]U\/k/cd>{3?ZIh\xZORV6xWiJy#Y1VRg)fw"|/YP,X4]";722-964-0801 x54566;panel;Analyst card Licensed Cotton Ball;South Natalie;Belarus;1
9;Alda;Denesik;OTHER;"}_T>q#gZx!u\u8T/Et0ThKB:[&G;E'jqOx^+v#PhRPT&`[A[Dz!*td8oR-0Bw=b;SW=@1Lv24I3DFs`&o3';RiJ;:N=RLdC>6w^I9XT^oq.O2wFvaG8,="\J)J5J*;MjDy9a#Pe5GMi0OD)|rSvTiz*2z.r3g##ZrDh)\2Pu3<t:+*^&\f&V$Yj8Bpw5[Q-W<}="53G"";(250) 716-9269;alarm Jamaica;system Gorgeous Rubber Pants;Lake Blanchetown;Grenada;1
10;Audreanne;Bayer;FEMALE;"HPc%nHv(uI"C?o}0OuS<jxC8@KM627,s3t2>95Mak`'ig2QN]%<M^xH],_Nbqj14(bo.m$fG9[=9Eq=hV,PN'\fe?^YxW7MFJe~g&m!:\M2.`1L/8";484.314.4630 x6968;explicit;Personal Loan Account;Jevonhaven;Maldives;2
